variant,N_eval,recall,igd,hv_gap
fixed,100,0.006920,9.3928516,0.1381232
cc_dnr,100,0.006920,9.2370642,0.13691039
full,100,0.001730,8.6214977,0.13822831
fixed,200,0.020761,8.1713395,0.13726912
cc_dnr,200,0.020761,7.901398,0.1367431
full,200,0.010381,8.085279,0.13721813
fixed,300,0.053633,7.3202014,0.13726888
cc_dnr,300,0.051903,7.3130969,0.13674121
full,300,0.036332,7.5384211,0.1372119
fixed,400,0.072664,7.1966671,0.1372639
cc_dnr,400,0.064014,7.1532384,0.13672793
full,400,0.050173,7.4048399,0.1372066
fixed,500,0.089965,6.5980655,0.13217588
cc_dnr,500,0.072664,7.0380877,0.13672413
full,500,0.062284,6.9105372,0.13705048
fixed,600,0.121107,6.177939,0.12748804
cc_dnr,600,0.091696,6.2490188,0.12167271
full,600,0.086505,6.2909982,0.13207915
fixed,700,0.143599,5.8612129,0.12441193
cc_dnr,700,0.107266,5.5363953,0.1165585
full,700,0.096886,5.6472048,0.11723503
fixed,800,0.153979,5.7283204,0.12440919
cc_dnr,800,0.121107,5.2717092,0.11650061
full,800,0.108997,5.5185013,0.11723246
fixed,900,0.171280,5.5910407,0.12435538
cc_dnr,900,0.136678,4.2798647,0.10396633
full,900,0.128028,5.4240929,0.11721102
fixed,1000,0.200692,5.210231,0.12422667
cc_dnr,1000,0.155709,4.0769788,0.1029455
full,1000,0.143599,5.3269673,0.11718711
fixed,1100,0.212803,4.4289985,0.10567532
cc_dnr,1100,0.171280,3.941017,0.102917
full,1100,0.155709,4.923801,0.11717467
fixed,1200,0.224913,3.3964706,0.070813885
cc_dnr,1200,0.193772,3.8756008,0.1029139
full,1200,0.157439,4.7022571,0.11675026
fixed,1300,0.237024,3.1596882,0.070526435
cc_dnr,1300,0.204152,3.7706707,0.10290929
full,1300,0.166090,4.1749677,0.097548347
fixed,1400,0.257785,2.9965566,0.074366063
cc_dnr,1400,0.230104,3.613184,0.10961981
full,1400,0.174740,3.2220175,0.085003653
fixed,1500,0.288927,2.8923013,0.074356704
cc_dnr,1500,0.247405,3.5198441,0.10961498
full,1500,0.193772,2.8490935,0.055416837
fixed,1600,0.301038,2.8097357,0.074260741
cc_dnr,1600,0.257785,3.4797539,0.10961412
full,1600,0.205882,2.7399484,0.055371411
fixed,1700,0.306228,2.7820519,0.07425213
cc_dnr,1700,0.266436,3.4483132,0.10961372
full,1700,0.221453,2.6347995,0.054671559
fixed,1800,0.325260,2.710411,0.066862521
cc_dnr,1800,0.282007,3.4003786,0.10960788
full,1800,0.233564,2.5601135,0.054664077
fixed,1900,0.352941,2.3714616,0.063188018
cc_dnr,1900,0.294118,3.359752,0.10960564
full,1900,0.254325,2.457989,0.054655702
fixed,2000,0.377163,2.0658197,0.052308631
cc_dnr,2000,0.302768,3.3143995,0.10960441
full,2000,0.268166,2.39641,0.053172851
fixed,2100,0.394464,1.9672062,0.050002007
cc_dnr,2100,0.316609,3.2554274,0.10958222
full,2100,0.283737,2.3587456,0.053169589
fixed,2200,0.413495,1.8156727,0.049364571
cc_dnr,2200,0.325260,3.2076702,0.10934374
full,2200,0.302768,2.1809167,0.052996653
fixed,2300,0.434256,1.6286619,0.036486066
cc_dnr,2300,0.333910,3.1134061,0.10572283
full,2300,0.314879,2.1287249,0.052990918
fixed,2400,0.458478,1.5286863,0.033601781
cc_dnr,2400,0.344291,3.0290285,0.10532882
full,2400,0.318339,2.1076551,0.052889698
fixed,2500,0.475779,1.4376413,0.033250843
cc_dnr,2500,0.349481,2.9982631,0.10474829
full,2500,0.323529,2.0895015,0.052886979
fixed,2600,0.510381,1.3544057,0.033225277
cc_dnr,2600,0.356401,2.9022337,0.10406735
full,2600,0.339100,2.0154855,0.052872388
fixed,2700,0.531142,1.3064814,0.033039827
cc_dnr,2700,0.382353,2.6429327,0.10280866
full,2700,0.347751,1.9325661,0.052387799
fixed,2800,0.557093,1.2359331,0.032965709
cc_dnr,2800,0.415225,2.5134909,0.10120407
full,2800,0.354671,1.9137415,0.052384103
fixed,2900,0.577855,1.1550557,0.032686553
cc_dnr,2900,0.432526,2.4573583,0.10117326
full,2900,0.358131,1.8549196,0.05181989
fixed,3000,0.598616,1.1166991,0.03264545
cc_dnr,3000,0.439446,2.4395071,0.10117043
full,3000,0.363322,1.845062,0.051195748
fixed,3100,0.640138,0.95361896,0.024560563
cc_dnr,3100,0.442907,2.4330327,0.10114047
full,3100,0.378893,1.8108657,0.050992035
fixed,3200,0.666090,0.82577321,0.019814347
cc_dnr,3200,0.456747,2.0042742,0.078280233
full,3200,0.392734,1.700214,0.049769628
fixed,3300,0.704152,0.66555584,0.016229876
cc_dnr,3300,0.475779,1.837468,0.073260584
full,3300,0.394464,1.676584,0.049536022
fixed,3400,0.728374,0.57842443,0.014474451
cc_dnr,3400,0.515571,1.4674927,0.039661376
full,3400,0.425606,1.586007,0.049431851
fixed,3500,0.752595,0.51957504,0.012051489
cc_dnr,3500,0.541522,1.2036222,0.028127236
full,3500,0.451557,1.530756,0.049331707
fixed,3600,0.794118,0.40499124,0.01144574
cc_dnr,3600,0.584775,0.98833018,0.016942151
full,3600,0.463668,1.4552214,0.049265537
fixed,3700,0.820069,0.35697155,0.011399197
cc_dnr,3700,0.608997,0.85126676,0.014166706
full,3700,0.482699,1.4568127,0.04924767
fixed,3800,0.839100,0.32710417,0.011384122
cc_dnr,3800,0.640138,0.75913275,0.012775003
full,3800,0.517301,1.401633,0.049236214
fixed,3900,0.868512,0.25869765,0.0088876281
cc_dnr,3900,0.662630,0.69532608,0.012702241
full,3900,0.539792,1.3384416,0.04916787
fixed,4000,0.882353,0.23310162,0.0088808514
cc_dnr,4000,0.702422,0.607341,0.01151947
full,4000,0.557093,1.2946336,0.049149387
fixed,4100,0.894464,0.21034716,0.0067921843
cc_dnr,4100,0.738754,0.50464045,0.009068227
full,4100,0.572664,1.2446203,0.049092301
fixed,4200,0.915225,0.17826411,0.0066723092
cc_dnr,4200,0.768166,0.44356674,0.0076519501
full,4200,0.586505,1.208591,0.048070951
fixed,4300,0.925606,0.15389969,0.0044716157
cc_dnr,4300,0.782007,0.41576167,0.0076088346
full,4300,0.602076,1.1687522,0.047896215
fixed,4400,0.944637,0.10630814,0.0017765012
cc_dnr,4400,0.795848,0.37587307,0.0072252781
full,4400,0.608997,1.1491517,0.04785784
fixed,4500,0.955017,0.08746016,0.00041453358
cc_dnr,4500,0.820069,0.31846204,0.0071995422
full,4500,0.628028,1.1070851,0.047084609
fixed,4600,0.967128,0.07491665,8.9477519e-06
cc_dnr,4600,0.833910,0.29604721,0.0067786299
full,4600,0.641869,1.055627,0.046902003
fixed,4696,0.970588,0.069009574,2.5121224e-06
cc_dnr,4696,0.840830,0.28596121,0.0067659969
full,4696,0.648789,1.0341461,0.046840489
cc_dnr,4700,0.840830,0.28596121,0.0067659969
full,4700,0.648789,1.0341461,0.046840489
cc_dnr,4800,0.846021,0.27933709,0.0067516159
full,4800,0.674740,0.94158863,0.044040325
cc_dnr,4900,0.858131,0.26019409,0.0067473283
full,4900,0.716263,0.63243401,0.026072374
cc_dnr,5000,0.866782,0.24521672,0.0067254034
full,5000,0.740484,0.51743908,0.023722228
cc_dnr,5100,0.873702,0.23544114,0.0067206374
full,5100,0.768166,0.47696938,0.022016139
cc_dnr,5200,0.894464,0.18706616,0.0048490534
full,5200,0.795848,0.40476143,0.020128228
cc_dnr,5300,0.904844,0.16196701,0.0048397613
full,5300,0.813149,0.35924443,0.013338605
cc_dnr,5400,0.910035,0.15331625,0.0048253182
full,5400,0.832180,0.30928714,0.011127962
cc_dnr,5500,0.920415,0.13875512,0.0048102814
full,5500,0.851211,0.25759187,0.0098003796
cc_dnr,5600,0.937716,0.11166611,0.0048002974
full,5600,0.858131,0.23831525,0.0093518609
cc_dnr,5700,0.951557,0.0934818,0.004529983
full,5700,0.878893,0.20906783,0.0092617253
cc_dnr,5800,0.967128,0.067694914,0.0041630156
full,5800,0.887543,0.19796987,0.0092555976
cc_dnr,5900,0.972318,0.052278174,0.0023304975
full,5900,0.901384,0.15482094,0.0089913969
cc_dnr,6000,0.987889,0.019552711,0.00033778983
full,6000,0.913495,0.1427071,0.0089815784
cc_dnr,6100,0.994810,0.011197475,1.9079891e-06
full,6100,0.934256,0.092363966,0.0025652282
cc_dnr,6168,0.994810,0.011197475,1.9079891e-06
full,6168,0.994810,0.011197475,1.9079891e-06
full,6200,0.937716,0.086457275,0.0025505349
full,6300,0.953287,0.070420278,0.0019037141
full,6400,0.968858,0.042709498,0.0018567178
full,6500,0.989619,0.014663752,6.2160101e-06
full,6600,0.994810,0.011197475,1.9079891e-06
full,6611,0.994810,0.011197475,1.9079891e-06
